accept_threshold,actual_decision,actual_gain,actual_target,deep_candidate_count,matches_actual_target,policy,probe_candidate_count,run_dir,seed,stage,top3,winner_accepted_before,winner_gain,winner_ntk_rank,winner_score,winner_tag,winner_target,would_approve,zero_gain_positive_current_score_count
0.0,approved,0.0015499591827392578,blocks.4,8,True,composed_gain,27,/home/rato/dev/ai/SAINT-G/runs/phase16_marco4n_b_ntk_hybrid_topk8_probe2k_24graft_seed42,42,1,"['blocks.4(0.00154996,0.00154996)', 'blocks.4(0.00154686,0.00154686)', 'blocks.3(0.00143147,0.00143147)']",0,0.0015499591827392578,1,0.0015499591827392578,blocks.4|lr=1.00e-07|scale=1.00e-02|act=silu,blocks.4,True,0
2e-05,approved,0.0015499591827392578,blocks.4,8,True,composed_gain,27,/home/rato/dev/ai/SAINT-G/runs/phase16_marco4n_b_ntk_hybrid_topk8_probe2k_24graft_seed42,42,1,"['blocks.4(0.00154996,0.00154996)', 'blocks.4(0.00154686,0.00154686)', 'blocks.3(0.00143147,0.00143147)']",0,0.0015499591827392578,1,0.0015499591827392578,blocks.4|lr=1.00e-07|scale=1.00e-02|act=silu,blocks.4,True,0
5e-05,approved,0.0015499591827392578,blocks.4,8,True,composed_gain,27,/home/rato/dev/ai/SAINT-G/runs/phase16_marco4n_b_ntk_hybrid_topk8_probe2k_24graft_seed42,42,1,"['blocks.4(0.00154996,0.00154996)', 'blocks.4(0.00154686,0.00154686)', 'blocks.3(0.00143147,0.00143147)']",0,0.0015499591827392578,1,0.0015499591827392578,blocks.4|lr=1.00e-07|scale=1.00e-02|act=silu,blocks.4,True,0
0.0,approved,0.0015499591827392578,blocks.4,8,True,composed_gain_orthogonal,27,/home/rato/dev/ai/SAINT-G/runs/phase16_marco4n_b_ntk_hybrid_topk8_probe2k_24graft_seed42,42,1,"['blocks.4(0.00154996,0.00154996)', 'blocks.4(0.00154686,0.00154686)', 'blocks.3(0.00143147,0.00143147)']",0,0.0015499591827392578,1,0.0015499591827392578,blocks.4|lr=1.00e-07|scale=1.00e-02|act=silu,blocks.4,True,0
2e-05,approved,0.0015499591827392578,blocks.4,8,True,composed_gain_orthogonal,27,/home/rato/dev/ai/SAINT-G/runs/phase16_marco4n_b_ntk_hybrid_topk8_probe2k_24graft_seed42,42,1,"['blocks.4(0.00154996,0.00154996)', 'blocks.4(0.00154686,0.00154686)', 'blocks.3(0.00143147,0.00143147)']",0,0.0015499591827392578,1,0.0015499591827392578,blocks.4|lr=1.00e-07|scale=1.00e-02|act=silu,blocks.4,True,0
5e-05,approved,0.0015499591827392578,blocks.4,8,True,composed_gain_orthogonal,27,/home/rato/dev/ai/SAINT-G/runs/phase16_marco4n_b_ntk_hybrid_topk8_probe2k_24graft_seed42,42,1,"['blocks.4(0.00154996,0.00154996)', 'blocks.4(0.00154686,0.00154686)', 'blocks.3(0.00143147,0.00143147)']",0,0.0015499591827392578,1,0.0015499591827392578,blocks.4|lr=1.00e-07|scale=1.00e-02|act=silu,blocks.4,True,0
0.0,approved,0.0015499591827392578,blocks.4,8,True,ntk_hybrid_current,27,/home/rato/dev/ai/SAINT-G/runs/phase16_marco4n_b_ntk_hybrid_topk8_probe2k_24graft_seed42,42,1,"['blocks.4(0.00154996,0.00163204)', 'blocks.4(0.00154686,0.00162894)', 'blocks.3(0.00143147,0.00149247)']",0,0.0015499591827392578,1,0.001632037024497986,blocks.4|lr=1.00e-07|scale=1.00e-02|act=silu,blocks.4,True,0
2e-05,approved,0.0015499591827392578,blocks.4,8,True,ntk_hybrid_current,27,/home/rato/dev/ai/SAINT-G/runs/phase16_marco4n_b_ntk_hybrid_topk8_probe2k_24graft_seed42,42,1,"['blocks.4(0.00154996,0.00163204)', 'blocks.4(0.00154686,0.00162894)', 'blocks.3(0.00143147,0.00149247)']",0,0.0015499591827392578,1,0.001632037024497986,blocks.4|lr=1.00e-07|scale=1.00e-02|act=silu,blocks.4,True,0
5e-05,approved,0.0015499591827392578,blocks.4,8,True,ntk_hybrid_current,27,/home/rato/dev/ai/SAINT-G/runs/phase16_marco4n_b_ntk_hybrid_topk8_probe2k_24graft_seed42,42,1,"['blocks.4(0.00154996,0.00163204)', 'blocks.4(0.00154686,0.00162894)', 'blocks.3(0.00143147,0.00149247)']",0,0.0015499591827392578,1,0.001632037024497986,blocks.4|lr=1.00e-07|scale=1.00e-02|act=silu,blocks.4,True,0
0.0,approved,0.0015499591827392578,blocks.4,8,True,ntk_hybrid_no_bonus,27,/home/rato/dev/ai/SAINT-G/runs/phase16_marco4n_b_ntk_hybrid_topk8_probe2k_24graft_seed42,42,1,"['blocks.4(0.00154996,0.00154996)', 'blocks.4(0.00154686,0.00154686)', 'blocks.3(0.00143147,0.00143147)']",0,0.0015499591827392578,1,0.0015499591827392578,blocks.4|lr=1.00e-07|scale=1.00e-02|act=silu,blocks.4,True,0
2e-05,approved,0.0015499591827392578,blocks.4,8,True,ntk_hybrid_no_bonus,27,/home/rato/dev/ai/SAINT-G/runs/phase16_marco4n_b_ntk_hybrid_topk8_probe2k_24graft_seed42,42,1,"['blocks.4(0.00154996,0.00154996)', 'blocks.4(0.00154686,0.00154686)', 'blocks.3(0.00143147,0.00143147)']",0,0.0015499591827392578,1,0.0015499591827392578,blocks.4|lr=1.00e-07|scale=1.00e-02|act=silu,blocks.4,True,0
5e-05,approved,0.0015499591827392578,blocks.4,8,True,ntk_hybrid_no_bonus,27,/home/rato/dev/ai/SAINT-G/runs/phase16_marco4n_b_ntk_hybrid_topk8_probe2k_24graft_seed42,42,1,"['blocks.4(0.00154996,0.00154996)', 'blocks.4(0.00154686,0.00154686)', 'blocks.3(0.00143147,0.00143147)']",0,0.0015499591827392578,1,0.0015499591827392578,blocks.4|lr=1.00e-07|scale=1.00e-02|act=silu,blocks.4,True,0
0.0,approved,0.0015499591827392578,blocks.4,8,True,ntk_hybrid_half_bonus,27,/home/rato/dev/ai/SAINT-G/runs/phase16_marco4n_b_ntk_hybrid_topk8_probe2k_24graft_seed42,42,1,"['blocks.4(0.00154996,0.001591)', 'blocks.4(0.00154686,0.0015879)', 'blocks.3(0.00143147,0.00146197)']",0,0.0015499591827392578,1,0.0015909981036186219,blocks.4|lr=1.00e-07|scale=1.00e-02|act=silu,blocks.4,True,0
2e-05,approved,0.0015499591827392578,blocks.4,8,True,ntk_hybrid_half_bonus,27,/home/rato/dev/ai/SAINT-G/runs/phase16_marco4n_b_ntk_hybrid_topk8_probe2k_24graft_seed42,42,1,"['blocks.4(0.00154996,0.001591)', 'blocks.4(0.00154686,0.0015879)', 'blocks.3(0.00143147,0.00146197)']",0,0.0015499591827392578,1,0.0015909981036186219,blocks.4|lr=1.00e-07|scale=1.00e-02|act=silu,blocks.4,True,0
5e-05,approved,0.0015499591827392578,blocks.4,8,True,ntk_hybrid_half_bonus,27,/home/rato/dev/ai/SAINT-G/runs/phase16_marco4n_b_ntk_hybrid_topk8_probe2k_24graft_seed42,42,1,"['blocks.4(0.00154996,0.001591)', 'blocks.4(0.00154686,0.0015879)', 'blocks.3(0.00143147,0.00146197)']",0,0.0015499591827392578,1,0.0015909981036186219,blocks.4|lr=1.00e-07|scale=1.00e-02|act=silu,blocks.4,True,0
0.0,approved,0.0015499591827392578,blocks.4,8,True,ntk_hybrid_double_anti_saturation,27,/home/rato/dev/ai/SAINT-G/runs/phase16_marco4n_b_ntk_hybrid_topk8_probe2k_24graft_seed42,42,1,"['blocks.4(0.00154996,0.00163204)', 'blocks.4(0.00154686,0.00162894)', 'blocks.3(0.00143147,0.00149247)']",0,0.0015499591827392578,1,0.001632037024497986,blocks.4|lr=1.00e-07|scale=1.00e-02|act=silu,blocks.4,True,0
2e-05,approved,0.0015499591827392578,blocks.4,8,True,ntk_hybrid_double_anti_saturation,27,/home/rato/dev/ai/SAINT-G/runs/phase16_marco4n_b_ntk_hybrid_topk8_probe2k_24graft_seed42,42,1,"['blocks.4(0.00154996,0.00163204)', 'blocks.4(0.00154686,0.00162894)', 'blocks.3(0.00143147,0.00149247)']",0,0.0015499591827392578,1,0.001632037024497986,blocks.4|lr=1.00e-07|scale=1.00e-02|act=silu,blocks.4,True,0
5e-05,approved,0.0015499591827392578,blocks.4,8,True,ntk_hybrid_double_anti_saturation,27,/home/rato/dev/ai/SAINT-G/runs/phase16_marco4n_b_ntk_hybrid_topk8_probe2k_24graft_seed42,42,1,"['blocks.4(0.00154996,0.00163204)', 'blocks.4(0.00154686,0.00162894)', 'blocks.3(0.00143147,0.00149247)']",0,0.0015499591827392578,1,0.001632037024497986,blocks.4|lr=1.00e-07|scale=1.00e-02|act=silu,blocks.4,True,0
0.0,approved,0.0015499591827392578,blocks.4,8,True,ntk_hybrid_gain_gated_bonus,27,/home/rato/dev/ai/SAINT-G/runs/phase16_marco4n_b_ntk_hybrid_topk8_probe2k_24graft_seed42,42,1,"['blocks.4(0.00154996,0.00163204)', 'blocks.4(0.00154686,0.00162894)', 'blocks.3(0.00143147,0.00149247)']",0,0.0015499591827392578,1,0.001632037024497986,blocks.4|lr=1.00e-07|scale=1.00e-02|act=silu,blocks.4,True,0
2e-05,approved,0.0015499591827392578,blocks.4,8,True,ntk_hybrid_gain_gated_bonus,27,/home/rato/dev/ai/SAINT-G/runs/phase16_marco4n_b_ntk_hybrid_topk8_probe2k_24graft_seed42,42,1,"['blocks.4(0.00154996,0.00163204)', 'blocks.4(0.00154686,0.00162894)', 'blocks.3(0.00143147,0.00149247)']",0,0.0015499591827392578,1,0.001632037024497986,blocks.4|lr=1.00e-07|scale=1.00e-02|act=silu,blocks.4,True,0
5e-05,approved,0.0015499591827392578,blocks.4,8,True,ntk_hybrid_gain_gated_bonus,27,/home/rato/dev/ai/SAINT-G/runs/phase16_marco4n_b_ntk_hybrid_topk8_probe2k_24graft_seed42,42,1,"['blocks.4(0.00154996,0.00163204)', 'blocks.4(0.00154686,0.00162894)', 'blocks.3(0.00143147,0.00149247)']",0,0.0015499591827392578,1,0.001632037024497986,blocks.4|lr=1.00e-07|scale=1.00e-02|act=silu,blocks.4,True,0
0.0,approved,8.082389831542969e-05,blocks.3,9,False,composed_gain,27,/home/rato/dev/ai/SAINT-G/runs/phase16_marco4n_b_ntk_hybrid_topk8_probe2k_24graft_seed42,42,2,"['blocks.2(9.9659e-05,9.9659e-05)', 'blocks.2(8.34465e-05,8.34465e-05)', 'blocks.3(8.08239e-05,8.08239e-05)']",0,9.965896606445312e-05,3,9.965896606445312e-05,blocks.2|lr=3.00e-07|scale=5.00e-03|act=silu,blocks.2,True,0
2e-05,approved,8.082389831542969e-05,blocks.3,9,False,composed_gain,27,/home/rato/dev/ai/SAINT-G/runs/phase16_marco4n_b_ntk_hybrid_topk8_probe2k_24graft_seed42,42,2,"['blocks.2(9.9659e-05,9.9659e-05)', 'blocks.2(8.34465e-05,8.34465e-05)', 'blocks.3(8.08239e-05,8.08239e-05)']",0,9.965896606445312e-05,3,9.965896606445312e-05,blocks.2|lr=3.00e-07|scale=5.00e-03|act=silu,blocks.2,True,0
5e-05,approved,8.082389831542969e-05,blocks.3,9,False,composed_gain,27,/home/rato/dev/ai/SAINT-G/runs/phase16_marco4n_b_ntk_hybrid_topk8_probe2k_24graft_seed42,42,2,"['blocks.2(9.9659e-05,9.9659e-05)', 'blocks.2(8.34465e-05,8.34465e-05)', 'blocks.3(8.08239e-05,8.08239e-05)']",0,9.965896606445312e-05,3,9.965896606445312e-05,blocks.2|lr=3.00e-07|scale=5.00e-03|act=silu,blocks.2,True,0
0.0,approved,8.082389831542969e-05,blocks.3,9,False,composed_gain_orthogonal,27,/home/rato/dev/ai/SAINT-G/runs/phase16_marco4n_b_ntk_hybrid_topk8_probe2k_24graft_seed42,42,2,"['blocks.2(9.9659e-05,9.9659e-05)', 'blocks.2(8.34465e-05,8.34465e-05)', 'blocks.3(8.08239e-05,8.08239e-05)']",0,9.965896606445312e-05,3,9.965896606445312e-05,blocks.2|lr=3.00e-07|scale=5.00e-03|act=silu,blocks.2,True,0
2e-05,approved,8.082389831542969e-05,blocks.3,9,False,composed_gain_orthogonal,27,/home/rato/dev/ai/SAINT-G/runs/phase16_marco4n_b_ntk_hybrid_topk8_probe2k_24graft_seed42,42,2,"['blocks.2(9.9659e-05,9.9659e-05)', 'blocks.2(8.34465e-05,8.34465e-05)', 'blocks.3(8.08239e-05,8.08239e-05)']",0,9.965896606445312e-05,3,9.965896606445312e-05,blocks.2|lr=3.00e-07|scale=5.00e-03|act=silu,blocks.2,True,0
5e-05,approved,8.082389831542969e-05,blocks.3,9,False,composed_gain_orthogonal,27,/home/rato/dev/ai/SAINT-G/runs/phase16_marco4n_b_ntk_hybrid_topk8_probe2k_24graft_seed42,42,2,"['blocks.2(9.9659e-05,9.9659e-05)', 'blocks.2(8.34465e-05,8.34465e-05)', 'blocks.3(8.08239e-05,8.08239e-05)']",0,9.965896606445312e-05,3,9.965896606445312e-05,blocks.2|lr=3.00e-07|scale=5.00e-03|act=silu,blocks.2,True,0
0.0,approved,8.082389831542969e-05,blocks.3,9,True,ntk_hybrid_current,27,/home/rato/dev/ai/SAINT-G/runs/phase16_marco4n_b_ntk_hybrid_topk8_probe2k_24graft_seed42,42,2,"['blocks.3(8.08239e-05,0.000141767)', 'blocks.2(9.9659e-05,0.000140603)', 'blocks.3(7.89165e-05,0.000139859)']",0,8.082389831542969e-05,2,0.00014176659643650054,blocks.3|lr=3.00e-08|scale=1.00e-02|act=silu,blocks.3,True,0
2e-05,approved,8.082389831542969e-05,blocks.3,9,True,ntk_hybrid_current,27,/home/rato/dev/ai/SAINT-G/runs/phase16_marco4n_b_ntk_hybrid_topk8_probe2k_24graft_seed42,42,2,"['blocks.3(8.08239e-05,0.000141767)', 'blocks.2(9.9659e-05,0.000140603)', 'blocks.3(7.89165e-05,0.000139859)']",0,8.082389831542969e-05,2,0.00014176659643650054,blocks.3|lr=3.00e-08|scale=1.00e-02|act=silu,blocks.3,True,0
5e-05,approved,8.082389831542969e-05,blocks.3,9,True,ntk_hybrid_current,27,/home/rato/dev/ai/SAINT-G/runs/phase16_marco4n_b_ntk_hybrid_topk8_probe2k_24graft_seed42,42,2,"['blocks.3(8.08239e-05,0.000141767)', 'blocks.2(9.9659e-05,0.000140603)', 'blocks.3(7.89165e-05,0.000139859)']",0,8.082389831542969e-05,2,0.00014176659643650054,blocks.3|lr=3.00e-08|scale=1.00e-02|act=silu,blocks.3,True,0
0.0,approved,8.082389831542969e-05,blocks.3,9,False,ntk_hybrid_no_bonus,27,/home/rato/dev/ai/SAINT-G/runs/phase16_marco4n_b_ntk_hybrid_topk8_probe2k_24graft_seed42,42,2,"['blocks.2(9.9659e-05,9.9659e-05)', 'blocks.2(8.34465e-05,8.34465e-05)', 'blocks.3(8.08239e-05,8.08239e-05)']",0,9.965896606445312e-05,3,9.965896606445312e-05,blocks.2|lr=3.00e-07|scale=5.00e-03|act=silu,blocks.2,True,0
2e-05,approved,8.082389831542969e-05,blocks.3,9,False,ntk_hybrid_no_bonus,27,/home/rato/dev/ai/SAINT-G/runs/phase16_marco4n_b_ntk_hybrid_topk8_probe2k_24graft_seed42,42,2,"['blocks.2(9.9659e-05,9.9659e-05)', 'blocks.2(8.34465e-05,8.34465e-05)', 'blocks.3(8.08239e-05,8.08239e-05)']",0,9.965896606445312e-05,3,9.965896606445312e-05,blocks.2|lr=3.00e-07|scale=5.00e-03|act=silu,blocks.2,True,0
5e-05,approved,8.082389831542969e-05,blocks.3,9,False,ntk_hybrid_no_bonus,27,/home/rato/dev/ai/SAINT-G/runs/phase16_marco4n_b_ntk_hybrid_topk8_probe2k_24graft_seed42,42,2,"['blocks.2(9.9659e-05,9.9659e-05)', 'blocks.2(8.34465e-05,8.34465e-05)', 'blocks.3(8.08239e-05,8.08239e-05)']",0,9.965896606445312e-05,3,9.965896606445312e-05,blocks.2|lr=3.00e-07|scale=5.00e-03|act=silu,blocks.2,True,0
0.0,approved,8.082389831542969e-05,blocks.3,9,False,ntk_hybrid_half_bonus,27,/home/rato/dev/ai/SAINT-G/runs/phase16_marco4n_b_ntk_hybrid_topk8_probe2k_24graft_seed42,42,2,"['blocks.2(9.9659e-05,0.000120131)', 'blocks.3(8.08239e-05,0.000111295)', 'blocks.3(7.89165e-05,0.000109388)']",0,9.965896606445312e-05,3,0.00012013100162148476,blocks.2|lr=3.00e-07|scale=5.00e-03|act=silu,blocks.2,True,0
2e-05,approved,8.082389831542969e-05,blocks.3,9,False,ntk_hybrid_half_bonus,27,/home/rato/dev/ai/SAINT-G/runs/phase16_marco4n_b_ntk_hybrid_topk8_probe2k_24graft_seed42,42,2,"['blocks.2(9.9659e-05,0.000120131)', 'blocks.3(8.08239e-05,0.000111295)', 'blocks.3(7.89165e-05,0.000109388)']",0,9.965896606445312e-05,3,0.00012013100162148476,blocks.2|lr=3.00e-07|scale=5.00e-03|act=silu,blocks.2,True,0
5e-05,approved,8.082389831542969e-05,blocks.3,9,False,ntk_hybrid_half_bonus,27,/home/rato/dev/ai/SAINT-G/runs/phase16_marco4n_b_ntk_hybrid_topk8_probe2k_24graft_seed42,42,2,"['blocks.2(9.9659e-05,0.000120131)', 'blocks.3(8.08239e-05,0.000111295)', 'blocks.3(7.89165e-05,0.000109388)']",0,9.965896606445312e-05,3,0.00012013100162148476,blocks.2|lr=3.00e-07|scale=5.00e-03|act=silu,blocks.2,True,0
0.0,approved,8.082389831542969e-05,blocks.3,9,True,ntk_hybrid_double_anti_saturation,27,/home/rato/dev/ai/SAINT-G/runs/phase16_marco4n_b_ntk_hybrid_topk8_probe2k_24graft_seed42,42,2,"['blocks.3(8.08239e-05,0.000141767)', 'blocks.2(9.9659e-05,0.000140603)', 'blocks.3(7.89165e-05,0.000139859)']",0,8.082389831542969e-05,2,0.00014176659643650054,blocks.3|lr=3.00e-08|scale=1.00e-02|act=silu,blocks.3,True,0
2e-05,approved,8.082389831542969e-05,blocks.3,9,True,ntk_hybrid_double_anti_saturation,27,/home/rato/dev/ai/SAINT-G/runs/phase16_marco4n_b_ntk_hybrid_topk8_probe2k_24graft_seed42,42,2,"['blocks.3(8.08239e-05,0.000141767)', 'blocks.2(9.9659e-05,0.000140603)', 'blocks.3(7.89165e-05,0.000139859)']",0,8.082389831542969e-05,2,0.00014176659643650054,blocks.3|lr=3.00e-08|scale=1.00e-02|act=silu,blocks.3,True,0
5e-05,approved,8.082389831542969e-05,blocks.3,9,True,ntk_hybrid_double_anti_saturation,27,/home/rato/dev/ai/SAINT-G/runs/phase16_marco4n_b_ntk_hybrid_topk8_probe2k_24graft_seed42,42,2,"['blocks.3(8.08239e-05,0.000141767)', 'blocks.2(9.9659e-05,0.000140603)', 'blocks.3(7.89165e-05,0.000139859)']",0,8.082389831542969e-05,2,0.00014176659643650054,blocks.3|lr=3.00e-08|scale=1.00e-02|act=silu,blocks.3,True,0
0.0,approved,8.082389831542969e-05,blocks.3,9,True,ntk_hybrid_gain_gated_bonus,27,/home/rato/dev/ai/SAINT-G/runs/phase16_marco4n_b_ntk_hybrid_topk8_probe2k_24graft_seed42,42,2,"['blocks.3(8.08239e-05,0.000141767)', 'blocks.2(9.9659e-05,0.000140603)', 'blocks.3(7.89165e-05,0.000139859)']",0,8.082389831542969e-05,2,0.00014176659643650054,blocks.3|lr=3.00e-08|scale=1.00e-02|act=silu,blocks.3,True,0
2e-05,approved,8.082389831542969e-05,blocks.3,9,True,ntk_hybrid_gain_gated_bonus,27,/home/rato/dev/ai/SAINT-G/runs/phase16_marco4n_b_ntk_hybrid_topk8_probe2k_24graft_seed42,42,2,"['blocks.3(8.08239e-05,0.000141767)', 'blocks.2(9.9659e-05,0.000140603)', 'blocks.3(7.89165e-05,0.000139859)']",0,8.082389831542969e-05,2,0.00014176659643650054,blocks.3|lr=3.00e-08|scale=1.00e-02|act=silu,blocks.3,True,0
5e-05,approved,8.082389831542969e-05,blocks.3,9,True,ntk_hybrid_gain_gated_bonus,27,/home/rato/dev/ai/SAINT-G/runs/phase16_marco4n_b_ntk_hybrid_topk8_probe2k_24graft_seed42,42,2,"['blocks.3(8.08239e-05,0.000141767)', 'blocks.2(9.9659e-05,0.000140603)', 'blocks.3(7.89165e-05,0.000139859)']",0,8.082389831542969e-05,2,0.00014176659643650054,blocks.3|lr=3.00e-08|scale=1.00e-02|act=silu,blocks.3,True,0
0.0,approved,1.5020370483398438e-05,blocks.2,10,True,composed_gain,27,/home/rato/dev/ai/SAINT-G/runs/phase16_marco4n_b_ntk_hybrid_topk8_probe2k_24graft_seed42,42,3,"['blocks.2(1.50204e-05,1.50204e-05)', 'blocks.2(1.26362e-05,1.26362e-05)', 'blocks.2(1.14441e-05,1.14441e-05)']",0,1.5020370483398438e-05,3,1.5020370483398438e-05,blocks.2|lr=3.00e-07|scale=1.00e-03|act=silu,blocks.2,True,4
2e-05,approved,1.5020370483398438e-05,blocks.2,10,True,composed_gain,27,/home/rato/dev/ai/SAINT-G/runs/phase16_marco4n_b_ntk_hybrid_topk8_probe2k_24graft_seed42,42,3,"['blocks.2(1.50204e-05,1.50204e-05)', 'blocks.2(1.26362e-05,1.26362e-05)', 'blocks.2(1.14441e-05,1.14441e-05)']",0,1.5020370483398438e-05,3,1.5020370483398438e-05,blocks.2|lr=3.00e-07|scale=1.00e-03|act=silu,blocks.2,False,4
5e-05,approved,1.5020370483398438e-05,blocks.2,10,True,composed_gain,27,/home/rato/dev/ai/SAINT-G/runs/phase16_marco4n_b_ntk_hybrid_topk8_probe2k_24graft_seed42,42,3,"['blocks.2(1.50204e-05,1.50204e-05)', 'blocks.2(1.26362e-05,1.26362e-05)', 'blocks.2(1.14441e-05,1.14441e-05)']",0,1.5020370483398438e-05,3,1.5020370483398438e-05,blocks.2|lr=3.00e-07|scale=1.00e-03|act=silu,blocks.2,False,4
0.0,approved,1.5020370483398438e-05,blocks.2,10,True,composed_gain_orthogonal,27,/home/rato/dev/ai/SAINT-G/runs/phase16_marco4n_b_ntk_hybrid_topk8_probe2k_24graft_seed42,42,3,"['blocks.2(1.50204e-05,1.50204e-05)', 'blocks.2(1.26362e-05,1.26362e-05)', 'blocks.2(1.14441e-05,1.14441e-05)']",0,1.5020370483398438e-05,3,1.5020370483398438e-05,blocks.2|lr=3.00e-07|scale=1.00e-03|act=silu,blocks.2,True,4
2e-05,approved,1.5020370483398438e-05,blocks.2,10,True,composed_gain_orthogonal,27,/home/rato/dev/ai/SAINT-G/runs/phase16_marco4n_b_ntk_hybrid_topk8_probe2k_24graft_seed42,42,3,"['blocks.2(1.50204e-05,1.50204e-05)', 'blocks.2(1.26362e-05,1.26362e-05)', 'blocks.2(1.14441e-05,1.14441e-05)']",0,1.5020370483398438e-05,3,1.5020370483398438e-05,blocks.2|lr=3.00e-07|scale=1.00e-03|act=silu,blocks.2,False,4
5e-05,approved,1.5020370483398438e-05,blocks.2,10,True,composed_gain_orthogonal,27,/home/rato/dev/ai/SAINT-G/runs/phase16_marco4n_b_ntk_hybrid_topk8_probe2k_24graft_seed42,42,3,"['blocks.2(1.50204e-05,1.50204e-05)', 'blocks.2(1.26362e-05,1.26362e-05)', 'blocks.2(1.14441e-05,1.14441e-05)']",0,1.5020370483398438e-05,3,1.5020370483398438e-05,blocks.2|lr=3.00e-07|scale=1.00e-03|act=silu,blocks.2,False,4
0.0,approved,1.5020370483398438e-05,blocks.2,10,True,ntk_hybrid_current,27,/home/rato/dev/ai/SAINT-G/runs/phase16_marco4n_b_ntk_hybrid_topk8_probe2k_24graft_seed42,42,3,"['blocks.2(1.50204e-05,5.5796e-05)', 'blocks.2(1.26362e-05,5.34118e-05)', 'blocks.2(1.14441e-05,5.22197e-05)']",0,1.5020370483398438e-05,3,5.5795960426330564e-05,blocks.2|lr=3.00e-07|scale=1.00e-03|act=silu,blocks.2,True,4
2e-05,approved,1.5020370483398438e-05,blocks.2,10,True,ntk_hybrid_current,27,/home/rato/dev/ai/SAINT-G/runs/phase16_marco4n_b_ntk_hybrid_topk8_probe2k_24graft_seed42,42,3,"['blocks.2(1.50204e-05,5.5796e-05)', 'blocks.2(1.26362e-05,5.34118e-05)', 'blocks.2(1.14441e-05,5.22197e-05)']",0,1.5020370483398438e-05,3,5.5795960426330564e-05,blocks.2|lr=3.00e-07|scale=1.00e-03|act=silu,blocks.2,False,4
5e-05,approved,1.5020370483398438e-05,blocks.2,10,True,ntk_hybrid_current,27,/home/rato/dev/ai/SAINT-G/runs/phase16_marco4n_b_ntk_hybrid_topk8_probe2k_24graft_seed42,42,3,"['blocks.2(1.50204e-05,5.5796e-05)', 'blocks.2(1.26362e-05,5.34118e-05)', 'blocks.2(1.14441e-05,5.22197e-05)']",0,1.5020370483398438e-05,3,5.5795960426330564e-05,blocks.2|lr=3.00e-07|scale=1.00e-03|act=silu,blocks.2,False,4
0.0,approved,1.5020370483398438e-05,blocks.2,10,True,ntk_hybrid_no_bonus,27,/home/rato/dev/ai/SAINT-G/runs/phase16_marco4n_b_ntk_hybrid_topk8_probe2k_24graft_seed42,42,3,"['blocks.2(1.50204e-05,1.50204e-05)', 'blocks.2(1.26362e-05,1.26362e-05)', 'blocks.2(1.14441e-05,1.14441e-05)']",0,1.5020370483398438e-05,3,1.5020370483398438e-05,blocks.2|lr=3.00e-07|scale=1.00e-03|act=silu,blocks.2,True,4
2e-05,approved,1.5020370483398438e-05,blocks.2,10,True,ntk_hybrid_no_bonus,27,/home/rato/dev/ai/SAINT-G/runs/phase16_marco4n_b_ntk_hybrid_topk8_probe2k_24graft_seed42,42,3,"['blocks.2(1.50204e-05,1.50204e-05)', 'blocks.2(1.26362e-05,1.26362e-05)', 'blocks.2(1.14441e-05,1.14441e-05)']",0,1.5020370483398438e-05,3,1.5020370483398438e-05,blocks.2|lr=3.00e-07|scale=1.00e-03|act=silu,blocks.2,False,4
5e-05,approved,1.5020370483398438e-05,blocks.2,10,True,ntk_hybrid_no_bonus,27,/home/rato/dev/ai/SAINT-G/runs/phase16_marco4n_b_ntk_hybrid_topk8_probe2k_24graft_seed42,42,3,"['blocks.2(1.50204e-05,1.50204e-05)', 'blocks.2(1.26362e-05,1.26362e-05)', 'blocks.2(1.14441e-05,1.14441e-05)']",0,1.5020370483398438e-05,3,1.5020370483398438e-05,blocks.2|lr=3.00e-07|scale=1.00e-03|act=silu,blocks.2,False,4
0.0,approved,1.5020370483398438e-05,blocks.2,10,True,ntk_hybrid_half_bonus,27,/home/rato/dev/ai/SAINT-G/runs/phase16_marco4n_b_ntk_hybrid_topk8_probe2k_24graft_seed42,42,3,"['blocks.2(1.50204e-05,3.54082e-05)', 'blocks.2(1.26362e-05,3.3024e-05)', 'blocks.2(1.14441e-05,3.18319e-05)']",0,1.5020370483398438e-05,3,3.54081654548645e-05,blocks.2|lr=3.00e-07|scale=1.00e-03|act=silu,blocks.2,True,4
2e-05,approved,1.5020370483398438e-05,blocks.2,10,True,ntk_hybrid_half_bonus,27,/home/rato/dev/ai/SAINT-G/runs/phase16_marco4n_b_ntk_hybrid_topk8_probe2k_24graft_seed42,42,3,"['blocks.2(1.50204e-05,3.54082e-05)', 'blocks.2(1.26362e-05,3.3024e-05)', 'blocks.2(1.14441e-05,3.18319e-05)']",0,1.5020370483398438e-05,3,3.54081654548645e-05,blocks.2|lr=3.00e-07|scale=1.00e-03|act=silu,blocks.2,False,4
5e-05,approved,1.5020370483398438e-05,blocks.2,10,True,ntk_hybrid_half_bonus,27,/home/rato/dev/ai/SAINT-G/runs/phase16_marco4n_b_ntk_hybrid_topk8_probe2k_24graft_seed42,42,3,"['blocks.2(1.50204e-05,3.54082e-05)', 'blocks.2(1.26362e-05,3.3024e-05)', 'blocks.2(1.14441e-05,3.18319e-05)']",0,1.5020370483398438e-05,3,3.54081654548645e-05,blocks.2|lr=3.00e-07|scale=1.00e-03|act=silu,blocks.2,False,4
0.0,approved,1.5020370483398438e-05,blocks.2,10,True,ntk_hybrid_double_anti_saturation,27,/home/rato/dev/ai/SAINT-G/runs/phase16_marco4n_b_ntk_hybrid_topk8_probe2k_24graft_seed42,42,3,"['blocks.2(1.50204e-05,5.5796e-05)', 'blocks.2(1.26362e-05,5.34118e-05)', 'blocks.2(1.14441e-05,5.22197e-05)']",0,1.5020370483398438e-05,3,5.5795960426330564e-05,blocks.2|lr=3.00e-07|scale=1.00e-03|act=silu,blocks.2,True,4
2e-05,approved,1.5020370483398438e-05,blocks.2,10,True,ntk_hybrid_double_anti_saturation,27,/home/rato/dev/ai/SAINT-G/runs/phase16_marco4n_b_ntk_hybrid_topk8_probe2k_24graft_seed42,42,3,"['blocks.2(1.50204e-05,5.5796e-05)', 'blocks.2(1.26362e-05,5.34118e-05)', 'blocks.2(1.14441e-05,5.22197e-05)']",0,1.5020370483398438e-05,3,5.5795960426330564e-05,blocks.2|lr=3.00e-07|scale=1.00e-03|act=silu,blocks.2,False,4
5e-05,approved,1.5020370483398438e-05,blocks.2,10,True,ntk_hybrid_double_anti_saturation,27,/home/rato/dev/ai/SAINT-G/runs/phase16_marco4n_b_ntk_hybrid_topk8_probe2k_24graft_seed42,42,3,"['blocks.2(1.50204e-05,5.5796e-05)', 'blocks.2(1.26362e-05,5.34118e-05)', 'blocks.2(1.14441e-05,5.22197e-05)']",0,1.5020370483398438e-05,3,5.5795960426330564e-05,blocks.2|lr=3.00e-07|scale=1.00e-03|act=silu,blocks.2,False,4
0.0,approved,1.5020370483398438e-05,blocks.2,10,True,ntk_hybrid_gain_gated_bonus,27,/home/rato/dev/ai/SAINT-G/runs/phase16_marco4n_b_ntk_hybrid_topk8_probe2k_24graft_seed42,42,3,"['blocks.2(1.50204e-05,5.5796e-05)', 'blocks.2(1.26362e-05,5.34118e-05)', 'blocks.2(1.14441e-05,5.22197e-05)']",0,1.5020370483398438e-05,3,5.5795960426330564e-05,blocks.2|lr=3.00e-07|scale=1.00e-03|act=silu,blocks.2,True,4
2e-05,approved,1.5020370483398438e-05,blocks.2,10,True,ntk_hybrid_gain_gated_bonus,27,/home/rato/dev/ai/SAINT-G/runs/phase16_marco4n_b_ntk_hybrid_topk8_probe2k_24graft_seed42,42,3,"['blocks.2(1.50204e-05,5.5796e-05)', 'blocks.2(1.26362e-05,5.34118e-05)', 'blocks.2(1.14441e-05,5.22197e-05)']",0,1.5020370483398438e-05,3,5.5795960426330564e-05,blocks.2|lr=3.00e-07|scale=1.00e-03|act=silu,blocks.2,False,4
5e-05,approved,1.5020370483398438e-05,blocks.2,10,True,ntk_hybrid_gain_gated_bonus,27,/home/rato/dev/ai/SAINT-G/runs/phase16_marco4n_b_ntk_hybrid_topk8_probe2k_24graft_seed42,42,3,"['blocks.2(1.50204e-05,5.5796e-05)', 'blocks.2(1.26362e-05,5.34118e-05)', 'blocks.2(1.14441e-05,5.22197e-05)']",0,1.5020370483398438e-05,3,5.5795960426330564e-05,blocks.2|lr=3.00e-07|scale=1.00e-03|act=silu,blocks.2,False,4
0.0,rejected,0.0,blocks.3,9,True,composed_gain,27,/home/rato/dev/ai/SAINT-G/runs/phase16_marco4n_b_ntk_hybrid_topk8_probe2k_24graft_seed42,42,4,"['blocks.3(0,0)', 'blocks.2(0,0)', 'blocks.2(0,0)']",1,0.0,2,0.0,blocks.3|lr=3.00e-08|scale=1.00e-03|act=silu,blocks.3,False,0
2e-05,rejected,0.0,blocks.3,9,True,composed_gain,27,/home/rato/dev/ai/SAINT-G/runs/phase16_marco4n_b_ntk_hybrid_topk8_probe2k_24graft_seed42,42,4,"['blocks.3(0,0)', 'blocks.2(0,0)', 'blocks.2(0,0)']",1,0.0,2,0.0,blocks.3|lr=3.00e-08|scale=1.00e-03|act=silu,blocks.3,False,0
5e-05,rejected,0.0,blocks.3,9,True,composed_gain,27,/home/rato/dev/ai/SAINT-G/runs/phase16_marco4n_b_ntk_hybrid_topk8_probe2k_24graft_seed42,42,4,"['blocks.3(0,0)', 'blocks.2(0,0)', 'blocks.2(0,0)']",1,0.0,2,0.0,blocks.3|lr=3.00e-08|scale=1.00e-03|act=silu,blocks.3,False,0
0.0,rejected,0.0,blocks.3,9,True,composed_gain_orthogonal,27,/home/rato/dev/ai/SAINT-G/runs/phase16_marco4n_b_ntk_hybrid_topk8_probe2k_24graft_seed42,42,4,"['blocks.3(0,-1e-05)', 'blocks.2(0,-1e-05)', 'blocks.2(0,-1e-05)']",1,0.0,2,-1e-05,blocks.3|lr=3.00e-08|scale=1.00e-03|act=silu,blocks.3,False,0
2e-05,rejected,0.0,blocks.3,9,True,composed_gain_orthogonal,27,/home/rato/dev/ai/SAINT-G/runs/phase16_marco4n_b_ntk_hybrid_topk8_probe2k_24graft_seed42,42,4,"['blocks.3(0,-1e-05)', 'blocks.2(0,-1e-05)', 'blocks.2(0,-1e-05)']",1,0.0,2,-1e-05,blocks.3|lr=3.00e-08|scale=1.00e-03|act=silu,blocks.3,False,0
5e-05,rejected,0.0,blocks.3,9,True,composed_gain_orthogonal,27,/home/rato/dev/ai/SAINT-G/runs/phase16_marco4n_b_ntk_hybrid_topk8_probe2k_24graft_seed42,42,4,"['blocks.3(0,-1e-05)', 'blocks.2(0,-1e-05)', 'blocks.2(0,-1e-05)']",1,0.0,2,-1e-05,blocks.3|lr=3.00e-08|scale=1.00e-03|act=silu,blocks.3,False,0
0.0,rejected,0.0,blocks.3,9,True,ntk_hybrid_current,27,/home/rato/dev/ai/SAINT-G/runs/phase16_marco4n_b_ntk_hybrid_topk8_probe2k_24graft_seed42,42,4,"['blocks.3(0,-2.95384e-05)', 'blocks.2(0,-3.96331e-05)', 'blocks.2(0,-3.96331e-05)']",1,0.0,2,-2.953839600086212e-05,blocks.3|lr=3.00e-08|scale=1.00e-03|act=silu,blocks.3,False,0
2e-05,rejected,0.0,blocks.3,9,True,ntk_hybrid_current,27,/home/rato/dev/ai/SAINT-G/runs/phase16_marco4n_b_ntk_hybrid_topk8_probe2k_24graft_seed42,42,4,"['blocks.3(0,-2.95384e-05)', 'blocks.2(0,-3.96331e-05)', 'blocks.2(0,-3.96331e-05)']",1,0.0,2,-2.953839600086212e-05,blocks.3|lr=3.00e-08|scale=1.00e-03|act=silu,blocks.3,False,0
5e-05,rejected,0.0,blocks.3,9,True,ntk_hybrid_current,27,/home/rato/dev/ai/SAINT-G/runs/phase16_marco4n_b_ntk_hybrid_topk8_probe2k_24graft_seed42,42,4,"['blocks.3(0,-2.95384e-05)', 'blocks.2(0,-3.96331e-05)', 'blocks.2(0,-3.96331e-05)']",1,0.0,2,-2.953839600086212e-05,blocks.3|lr=3.00e-08|scale=1.00e-03|act=silu,blocks.3,False,0
0.0,rejected,0.0,blocks.3,9,True,ntk_hybrid_no_bonus,27,/home/rato/dev/ai/SAINT-G/runs/phase16_marco4n_b_ntk_hybrid_topk8_probe2k_24graft_seed42,42,4,"['blocks.3(0,-6e-05)', 'blocks.2(0,-6e-05)', 'blocks.2(0,-6e-05)']",1,0.0,2,-6e-05,blocks.3|lr=3.00e-08|scale=1.00e-03|act=silu,blocks.3,False,0
2e-05,rejected,0.0,blocks.3,9,True,ntk_hybrid_no_bonus,27,/home/rato/dev/ai/SAINT-G/runs/phase16_marco4n_b_ntk_hybrid_topk8_probe2k_24graft_seed42,42,4,"['blocks.3(0,-6e-05)', 'blocks.2(0,-6e-05)', 'blocks.2(0,-6e-05)']",1,0.0,2,-6e-05,blocks.3|lr=3.00e-08|scale=1.00e-03|act=silu,blocks.3,False,0
5e-05,rejected,0.0,blocks.3,9,True,ntk_hybrid_no_bonus,27,/home/rato/dev/ai/SAINT-G/runs/phase16_marco4n_b_ntk_hybrid_topk8_probe2k_24graft_seed42,42,4,"['blocks.3(0,-6e-05)', 'blocks.2(0,-6e-05)', 'blocks.2(0,-6e-05)']",1,0.0,2,-6e-05,blocks.3|lr=3.00e-08|scale=1.00e-03|act=silu,blocks.3,False,0
0.0,rejected,0.0,blocks.3,9,True,ntk_hybrid_half_bonus,27,/home/rato/dev/ai/SAINT-G/runs/phase16_marco4n_b_ntk_hybrid_topk8_probe2k_24graft_seed42,42,4,"['blocks.3(0,-4.47692e-05)', 'blocks.2(0,-4.98165e-05)', 'blocks.2(0,-4.98165e-05)']",1,0.0,2,-4.4769198000431065e-05,blocks.3|lr=3.00e-08|scale=1.00e-03|act=silu,blocks.3,False,0
2e-05,rejected,0.0,blocks.3,9,True,ntk_hybrid_half_bonus,27,/home/rato/dev/ai/SAINT-G/runs/phase16_marco4n_b_ntk_hybrid_topk8_probe2k_24graft_seed42,42,4,"['blocks.3(0,-4.47692e-05)', 'blocks.2(0,-4.98165e-05)', 'blocks.2(0,-4.98165e-05)']",1,0.0,2,-4.4769198000431065e-05,blocks.3|lr=3.00e-08|scale=1.00e-03|act=silu,blocks.3,False,0
5e-05,rejected,0.0,blocks.3,9,True,ntk_hybrid_half_bonus,27,/home/rato/dev/ai/SAINT-G/runs/phase16_marco4n_b_ntk_hybrid_topk8_probe2k_24graft_seed42,42,4,"['blocks.3(0,-4.47692e-05)', 'blocks.2(0,-4.98165e-05)', 'blocks.2(0,-4.98165e-05)']",1,0.0,2,-4.4769198000431065e-05,blocks.3|lr=3.00e-08|scale=1.00e-03|act=silu,blocks.3,False,0
0.0,rejected,0.0,blocks.3,9,True,ntk_hybrid_double_anti_saturation,27,/home/rato/dev/ai/SAINT-G/runs/phase16_marco4n_b_ntk_hybrid_topk8_probe2k_24graft_seed42,42,4,"['blocks.3(0,-7.95384e-05)', 'blocks.2(0,-8.96331e-05)', 'blocks.2(0,-8.96331e-05)']",1,0.0,2,-7.953839600086213e-05,blocks.3|lr=3.00e-08|scale=1.00e-03|act=silu,blocks.3,False,0
2e-05,rejected,0.0,blocks.3,9,True,ntk_hybrid_double_anti_saturation,27,/home/rato/dev/ai/SAINT-G/runs/phase16_marco4n_b_ntk_hybrid_topk8_probe2k_24graft_seed42,42,4,"['blocks.3(0,-7.95384e-05)', 'blocks.2(0,-8.96331e-05)', 'blocks.2(0,-8.96331e-05)']",1,0.0,2,-7.953839600086213e-05,blocks.3|lr=3.00e-08|scale=1.00e-03|act=silu,blocks.3,False,0
5e-05,rejected,0.0,blocks.3,9,True,ntk_hybrid_double_anti_saturation,27,/home/rato/dev/ai/SAINT-G/runs/phase16_marco4n_b_ntk_hybrid_topk8_probe2k_24graft_seed42,42,4,"['blocks.3(0,-7.95384e-05)', 'blocks.2(0,-8.96331e-05)', 'blocks.2(0,-8.96331e-05)']",1,0.0,2,-7.953839600086213e-05,blocks.3|lr=3.00e-08|scale=1.00e-03|act=silu,blocks.3,False,0
0.0,rejected,0.0,blocks.3,9,True,ntk_hybrid_gain_gated_bonus,27,/home/rato/dev/ai/SAINT-G/runs/phase16_marco4n_b_ntk_hybrid_topk8_probe2k_24graft_seed42,42,4,"['blocks.3(0,-6e-05)', 'blocks.2(0,-6e-05)', 'blocks.2(0,-6e-05)']",1,0.0,2,-6e-05,blocks.3|lr=3.00e-08|scale=1.00e-03|act=silu,blocks.3,False,0
2e-05,rejected,0.0,blocks.3,9,True,ntk_hybrid_gain_gated_bonus,27,/home/rato/dev/ai/SAINT-G/runs/phase16_marco4n_b_ntk_hybrid_topk8_probe2k_24graft_seed42,42,4,"['blocks.3(0,-6e-05)', 'blocks.2(0,-6e-05)', 'blocks.2(0,-6e-05)']",1,0.0,2,-6e-05,blocks.3|lr=3.00e-08|scale=1.00e-03|act=silu,blocks.3,False,0
5e-05,rejected,0.0,blocks.3,9,True,ntk_hybrid_gain_gated_bonus,27,/home/rato/dev/ai/SAINT-G/runs/phase16_marco4n_b_ntk_hybrid_topk8_probe2k_24graft_seed42,42,4,"['blocks.3(0,-6e-05)', 'blocks.2(0,-6e-05)', 'blocks.2(0,-6e-05)']",1,0.0,2,-6e-05,blocks.3|lr=3.00e-08|scale=1.00e-03|act=silu,blocks.3,False,0
0.0,approved,0.0005276203155517578,blocks.4,8,True,composed_gain,27,/home/rato/dev/ai/SAINT-G/runs/phase16_marco4n_b_ntk_hybrid_topk8_probe2k_24graft_seed7,7,1,"['blocks.4(0.00052762,0.00052762)', 'blocks.4(0.000484705,0.000484705)', 'blocks.2(0.000399351,0.000399351)']",0,0.0005276203155517578,1,0.0005276203155517578,blocks.4|lr=1.00e-07|scale=1.00e-02|act=silu,blocks.4,True,2
2e-05,approved,0.0005276203155517578,blocks.4,8,True,composed_gain,27,/home/rato/dev/ai/SAINT-G/runs/phase16_marco4n_b_ntk_hybrid_topk8_probe2k_24graft_seed7,7,1,"['blocks.4(0.00052762,0.00052762)', 'blocks.4(0.000484705,0.000484705)', 'blocks.2(0.000399351,0.000399351)']",0,0.0005276203155517578,1,0.0005276203155517578,blocks.4|lr=1.00e-07|scale=1.00e-02|act=silu,blocks.4,True,2
5e-05,approved,0.0005276203155517578,blocks.4,8,True,composed_gain,27,/home/rato/dev/ai/SAINT-G/runs/phase16_marco4n_b_ntk_hybrid_topk8_probe2k_24graft_seed7,7,1,"['blocks.4(0.00052762,0.00052762)', 'blocks.4(0.000484705,0.000484705)', 'blocks.2(0.000399351,0.000399351)']",0,0.0005276203155517578,1,0.0005276203155517578,blocks.4|lr=1.00e-07|scale=1.00e-02|act=silu,blocks.4,True,2
0.0,approved,0.0005276203155517578,blocks.4,8,True,composed_gain_orthogonal,27,/home/rato/dev/ai/SAINT-G/runs/phase16_marco4n_b_ntk_hybrid_topk8_probe2k_24graft_seed7,7,1,"['blocks.4(0.00052762,0.00052762)', 'blocks.4(0.000484705,0.000484705)', 'blocks.2(0.000399351,0.000399351)']",0,0.0005276203155517578,1,0.0005276203155517578,blocks.4|lr=1.00e-07|scale=1.00e-02|act=silu,blocks.4,True,2
2e-05,approved,0.0005276203155517578,blocks.4,8,True,composed_gain_orthogonal,27,/home/rato/dev/ai/SAINT-G/runs/phase16_marco4n_b_ntk_hybrid_topk8_probe2k_24graft_seed7,7,1,"['blocks.4(0.00052762,0.00052762)', 'blocks.4(0.000484705,0.000484705)', 'blocks.2(0.000399351,0.000399351)']",0,0.0005276203155517578,1,0.0005276203155517578,blocks.4|lr=1.00e-07|scale=1.00e-02|act=silu,blocks.4,True,2
5e-05,approved,0.0005276203155517578,blocks.4,8,True,composed_gain_orthogonal,27,/home/rato/dev/ai/SAINT-G/runs/phase16_marco4n_b_ntk_hybrid_topk8_probe2k_24graft_seed7,7,1,"['blocks.4(0.00052762,0.00052762)', 'blocks.4(0.000484705,0.000484705)', 'blocks.2(0.000399351,0.000399351)']",0,0.0005276203155517578,1,0.0005276203155517578,blocks.4|lr=1.00e-07|scale=1.00e-02|act=silu,blocks.4,True,2
0.0,approved,0.0005276203155517578,blocks.4,8,True,ntk_hybrid_current,27,/home/rato/dev/ai/SAINT-G/runs/phase16_marco4n_b_ntk_hybrid_topk8_probe2k_24graft_seed7,7,1,"['blocks.4(0.00052762,0.000609783)', 'blocks.4(0.000484705,0.000566868)', 'blocks.2(0.000399351,0.000439891)']",0,0.0005276203155517578,1,0.0006097833323478698,blocks.4|lr=1.00e-07|scale=1.00e-02|act=silu,blocks.4,True,2
2e-05,approved,0.0005276203155517578,blocks.4,8,True,ntk_hybrid_current,27,/home/rato/dev/ai/SAINT-G/runs/phase16_marco4n_b_ntk_hybrid_topk8_probe2k_24graft_seed7,7,1,"['blocks.4(0.00052762,0.000609783)', 'blocks.4(0.000484705,0.000566868)', 'blocks.2(0.000399351,0.000439891)']",0,0.0005276203155517578,1,0.0006097833323478698,blocks.4|lr=1.00e-07|scale=1.00e-02|act=silu,blocks.4,True,2
5e-05,approved,0.0005276203155517578,blocks.4,8,True,ntk_hybrid_current,27,/home/rato/dev/ai/SAINT-G/runs/phase16_marco4n_b_ntk_hybrid_topk8_probe2k_24graft_seed7,7,1,"['blocks.4(0.00052762,0.000609783)', 'blocks.4(0.000484705,0.000566868)', 'blocks.2(0.000399351,0.000439891)']",0,0.0005276203155517578,1,0.0006097833323478698,blocks.4|lr=1.00e-07|scale=1.00e-02|act=silu,blocks.4,True,2
0.0,approved,0.0005276203155517578,blocks.4,8,True,ntk_hybrid_no_bonus,27,/home/rato/dev/ai/SAINT-G/runs/phase16_marco4n_b_ntk_hybrid_topk8_probe2k_24graft_seed7,7,1,"['blocks.4(0.00052762,0.00052762)', 'blocks.4(0.000484705,0.000484705)', 'blocks.2(0.000399351,0.000399351)']",0,0.0005276203155517578,1,0.0005276203155517578,blocks.4|lr=1.00e-07|scale=1.00e-02|act=silu,blocks.4,True,2
2e-05,approved,0.0005276203155517578,blocks.4,8,True,ntk_hybrid_no_bonus,27,/home/rato/dev/ai/SAINT-G/runs/phase16_marco4n_b_ntk_hybrid_topk8_probe2k_24graft_seed7,7,1,"['blocks.4(0.00052762,0.00052762)', 'blocks.4(0.000484705,0.000484705)', 'blocks.2(0.000399351,0.000399351)']",0,0.0005276203155517578,1,0.0005276203155517578,blocks.4|lr=1.00e-07|scale=1.00e-02|act=silu,blocks.4,True,2
5e-05,approved,0.0005276203155517578,blocks.4,8,True,ntk_hybrid_no_bonus,27,/home/rato/dev/ai/SAINT-G/runs/phase16_marco4n_b_ntk_hybrid_topk8_probe2k_24graft_seed7,7,1,"['blocks.4(0.00052762,0.00052762)', 'blocks.4(0.000484705,0.000484705)', 'blocks.2(0.000399351,0.000399351)']",0,0.0005276203155517578,1,0.0005276203155517578,blocks.4|lr=1.00e-07|scale=1.00e-02|act=silu,blocks.4,True,2
0.0,approved,0.0005276203155517578,blocks.4,8,True,ntk_hybrid_half_bonus,27,/home/rato/dev/ai/SAINT-G/runs/phase16_marco4n_b_ntk_hybrid_topk8_probe2k_24graft_seed7,7,1,"['blocks.4(0.00052762,0.000568702)', 'blocks.4(0.000484705,0.000525786)', 'blocks.2(0.000399351,0.000419621)']",0,0.0005276203155517578,1,0.0005687018239498139,blocks.4|lr=1.00e-07|scale=1.00e-02|act=silu,blocks.4,True,2
2e-05,approved,0.0005276203155517578,blocks.4,8,True,ntk_hybrid_half_bonus,27,/home/rato/dev/ai/SAINT-G/runs/phase16_marco4n_b_ntk_hybrid_topk8_probe2k_24graft_seed7,7,1,"['blocks.4(0.00052762,0.000568702)', 'blocks.4(0.000484705,0.000525786)', 'blocks.2(0.000399351,0.000419621)']",0,0.0005276203155517578,1,0.0005687018239498139,blocks.4|lr=1.00e-07|scale=1.00e-02|act=silu,blocks.4,True,2
5e-05,approved,0.0005276203155517578,blocks.4,8,True,ntk_hybrid_half_bonus,27,/home/rato/dev/ai/SAINT-G/runs/phase16_marco4n_b_ntk_hybrid_topk8_probe2k_24graft_seed7,7,1,"['blocks.4(0.00052762,0.000568702)', 'blocks.4(0.000484705,0.000525786)', 'blocks.2(0.000399351,0.000419621)']",0,0.0005276203155517578,1,0.0005687018239498139,blocks.4|lr=1.00e-07|scale=1.00e-02|act=silu,blocks.4,True,2
0.0,approved,0.0005276203155517578,blocks.4,8,True,ntk_hybrid_double_anti_saturation,27,/home/rato/dev/ai/SAINT-G/runs/phase16_marco4n_b_ntk_hybrid_topk8_probe2k_24graft_seed7,7,1,"['blocks.4(0.00052762,0.000609783)', 'blocks.4(0.000484705,0.000566868)', 'blocks.2(0.000399351,0.000439891)']",0,0.0005276203155517578,1,0.0006097833323478698,blocks.4|lr=1.00e-07|scale=1.00e-02|act=silu,blocks.4,True,2
2e-05,approved,0.0005276203155517578,blocks.4,8,True,ntk_hybrid_double_anti_saturation,27,/home/rato/dev/ai/SAINT-G/runs/phase16_marco4n_b_ntk_hybrid_topk8_probe2k_24graft_seed7,7,1,"['blocks.4(0.00052762,0.000609783)', 'blocks.4(0.000484705,0.000566868)', 'blocks.2(0.000399351,0.000439891)']",0,0.0005276203155517578,1,0.0006097833323478698,blocks.4|lr=1.00e-07|scale=1.00e-02|act=silu,blocks.4,True,2
5e-05,approved,0.0005276203155517578,blocks.4,8,True,ntk_hybrid_double_anti_saturation,27,/home/rato/dev/ai/SAINT-G/runs/phase16_marco4n_b_ntk_hybrid_topk8_probe2k_24graft_seed7,7,1,"['blocks.4(0.00052762,0.000609783)', 'blocks.4(0.000484705,0.000566868)', 'blocks.2(0.000399351,0.000439891)']",0,0.0005276203155517578,1,0.0006097833323478698,blocks.4|lr=1.00e-07|scale=1.00e-02|act=silu,blocks.4,True,2
0.0,approved,0.0005276203155517578,blocks.4,8,True,ntk_hybrid_gain_gated_bonus,27,/home/rato/dev/ai/SAINT-G/runs/phase16_marco4n_b_ntk_hybrid_topk8_probe2k_24graft_seed7,7,1,"['blocks.4(0.00052762,0.000609783)', 'blocks.4(0.000484705,0.000566868)', 'blocks.2(0.000399351,0.000439891)']",0,0.0005276203155517578,1,0.0006097833323478698,blocks.4|lr=1.00e-07|scale=1.00e-02|act=silu,blocks.4,True,2
2e-05,approved,0.0005276203155517578,blocks.4,8,True,ntk_hybrid_gain_gated_bonus,27,/home/rato/dev/ai/SAINT-G/runs/phase16_marco4n_b_ntk_hybrid_topk8_probe2k_24graft_seed7,7,1,"['blocks.4(0.00052762,0.000609783)', 'blocks.4(0.000484705,0.000566868)', 'blocks.2(0.000399351,0.000439891)']",0,0.0005276203155517578,1,0.0006097833323478698,blocks.4|lr=1.00e-07|scale=1.00e-02|act=silu,blocks.4,True,2
5e-05,approved,0.0005276203155517578,blocks.4,8,True,ntk_hybrid_gain_gated_bonus,27,/home/rato/dev/ai/SAINT-G/runs/phase16_marco4n_b_ntk_hybrid_topk8_probe2k_24graft_seed7,7,1,"['blocks.4(0.00052762,0.000609783)', 'blocks.4(0.000484705,0.000566868)', 'blocks.2(0.000399351,0.000439891)']",0,0.0005276203155517578,1,0.0006097833323478698,blocks.4|lr=1.00e-07|scale=1.00e-02|act=silu,blocks.4,True,2
0.0,rejected,0.0,blocks.3,9,True,composed_gain,27,/home/rato/dev/ai/SAINT-G/runs/phase16_marco4n_b_ntk_hybrid_topk8_probe2k_24graft_seed7,7,2,"['blocks.3(0,0)', 'blocks.2(0,0)', 'blocks.3(0,0)']",0,0.0,2,0.0,blocks.3|lr=3.00e-08|scale=1.00e-03|act=silu,blocks.3,False,8
2e-05,rejected,0.0,blocks.3,9,True,composed_gain,27,/home/rato/dev/ai/SAINT-G/runs/phase16_marco4n_b_ntk_hybrid_topk8_probe2k_24graft_seed7,7,2,"['blocks.3(0,0)', 'blocks.2(0,0)', 'blocks.3(0,0)']",0,0.0,2,0.0,blocks.3|lr=3.00e-08|scale=1.00e-03|act=silu,blocks.3,False,8
5e-05,rejected,0.0,blocks.3,9,True,composed_gain,27,/home/rato/dev/ai/SAINT-G/runs/phase16_marco4n_b_ntk_hybrid_topk8_probe2k_24graft_seed7,7,2,"['blocks.3(0,0)', 'blocks.2(0,0)', 'blocks.3(0,0)']",0,0.0,2,0.0,blocks.3|lr=3.00e-08|scale=1.00e-03|act=silu,blocks.3,False,8
0.0,rejected,0.0,blocks.3,9,True,composed_gain_orthogonal,27,/home/rato/dev/ai/SAINT-G/runs/phase16_marco4n_b_ntk_hybrid_topk8_probe2k_24graft_seed7,7,2,"['blocks.3(0,0)', 'blocks.2(0,0)', 'blocks.3(0,0)']",0,0.0,2,0.0,blocks.3|lr=3.00e-08|scale=1.00e-03|act=silu,blocks.3,False,8
2e-05,rejected,0.0,blocks.3,9,True,composed_gain_orthogonal,27,/home/rato/dev/ai/SAINT-G/runs/phase16_marco4n_b_ntk_hybrid_topk8_probe2k_24graft_seed7,7,2,"['blocks.3(0,0)', 'blocks.2(0,0)', 'blocks.3(0,0)']",0,0.0,2,0.0,blocks.3|lr=3.00e-08|scale=1.00e-03|act=silu,blocks.3,False,8
5e-05,rejected,0.0,blocks.3,9,True,composed_gain_orthogonal,27,/home/rato/dev/ai/SAINT-G/runs/phase16_marco4n_b_ntk_hybrid_topk8_probe2k_24graft_seed7,7,2,"['blocks.3(0,0)', 'blocks.2(0,0)', 'blocks.3(0,0)']",0,0.0,2,0.0,blocks.3|lr=3.00e-08|scale=1.00e-03|act=silu,blocks.3,False,8
0.0,rejected,0.0,blocks.3,9,True,ntk_hybrid_current,27,/home/rato/dev/ai/SAINT-G/runs/phase16_marco4n_b_ntk_hybrid_topk8_probe2k_24graft_seed7,7,2,"['blocks.3(0,6.10102e-05)', 'blocks.3(0,6.10102e-05)', 'blocks.3(0,6.10102e-05)']",0,0.0,2,6.1010158658027654e-05,blocks.3|lr=3.00e-08|scale=1.00e-03|act=silu,blocks.3,False,8
2e-05,rejected,0.0,blocks.3,9,True,ntk_hybrid_current,27,/home/rato/dev/ai/SAINT-G/runs/phase16_marco4n_b_ntk_hybrid_topk8_probe2k_24graft_seed7,7,2,"['blocks.3(0,6.10102e-05)', 'blocks.3(0,6.10102e-05)', 'blocks.3(0,6.10102e-05)']",0,0.0,2,6.1010158658027654e-05,blocks.3|lr=3.00e-08|scale=1.00e-03|act=silu,blocks.3,False,8
5e-05,rejected,0.0,blocks.3,9,True,ntk_hybrid_current,27,/home/rato/dev/ai/SAINT-G/runs/phase16_marco4n_b_ntk_hybrid_topk8_probe2k_24graft_seed7,7,2,"['blocks.3(0,6.10102e-05)', 'blocks.3(0,6.10102e-05)', 'blocks.3(0,6.10102e-05)']",0,0.0,2,6.1010158658027654e-05,blocks.3|lr=3.00e-08|scale=1.00e-03|act=silu,blocks.3,False,8
0.0,rejected,0.0,blocks.3,9,True,ntk_hybrid_no_bonus,27,/home/rato/dev/ai/SAINT-G/runs/phase16_marco4n_b_ntk_hybrid_topk8_probe2k_24graft_seed7,7,2,"['blocks.3(0,0)', 'blocks.2(0,0)', 'blocks.3(0,0)']",0,0.0,2,0.0,blocks.3|lr=3.00e-08|scale=1.00e-03|act=silu,blocks.3,False,8
2e-05,rejected,0.0,blocks.3,9,True,ntk_hybrid_no_bonus,27,/home/rato/dev/ai/SAINT-G/runs/phase16_marco4n_b_ntk_hybrid_topk8_probe2k_24graft_seed7,7,2,"['blocks.3(0,0)', 'blocks.2(0,0)', 'blocks.3(0,0)']",0,0.0,2,0.0,blocks.3|lr=3.00e-08|scale=1.00e-03|act=silu,blocks.3,False,8
5e-05,rejected,0.0,blocks.3,9,True,ntk_hybrid_no_bonus,27,/home/rato/dev/ai/SAINT-G/runs/phase16_marco4n_b_ntk_hybrid_topk8_probe2k_24graft_seed7,7,2,"['blocks.3(0,0)', 'blocks.2(0,0)', 'blocks.3(0,0)']",0,0.0,2,0.0,blocks.3|lr=3.00e-08|scale=1.00e-03|act=silu,blocks.3,False,8
0.0,rejected,0.0,blocks.3,9,True,ntk_hybrid_half_bonus,27,/home/rato/dev/ai/SAINT-G/runs/phase16_marco4n_b_ntk_hybrid_topk8_probe2k_24graft_seed7,7,2,"['blocks.3(0,3.05051e-05)', 'blocks.3(0,3.05051e-05)', 'blocks.3(0,3.05051e-05)']",0,0.0,2,3.0505079329013827e-05,blocks.3|lr=3.00e-08|scale=1.00e-03|act=silu,blocks.3,False,8
2e-05,rejected,0.0,blocks.3,9,True,ntk_hybrid_half_bonus,27,/home/rato/dev/ai/SAINT-G/runs/phase16_marco4n_b_ntk_hybrid_topk8_probe2k_24graft_seed7,7,2,"['blocks.3(0,3.05051e-05)', 'blocks.3(0,3.05051e-05)', 'blocks.3(0,3.05051e-05)']",0,0.0,2,3.0505079329013827e-05,blocks.3|lr=3.00e-08|scale=1.00e-03|act=silu,blocks.3,False,8
5e-05,rejected,0.0,blocks.3,9,True,ntk_hybrid_half_bonus,27,/home/rato/dev/ai/SAINT-G/runs/phase16_marco4n_b_ntk_hybrid_topk8_probe2k_24graft_seed7,7,2,"['blocks.3(0,3.05051e-05)', 'blocks.3(0,3.05051e-05)', 'blocks.3(0,3.05051e-05)']",0,0.0,2,3.0505079329013827e-05,blocks.3|lr=3.00e-08|scale=1.00e-03|act=silu,blocks.3,False,8
0.0,rejected,0.0,blocks.3,9,True,ntk_hybrid_double_anti_saturation,27,/home/rato/dev/ai/SAINT-G/runs/phase16_marco4n_b_ntk_hybrid_topk8_probe2k_24graft_seed7,7,2,"['blocks.3(0,6.10102e-05)', 'blocks.3(0,6.10102e-05)', 'blocks.3(0,6.10102e-05)']",0,0.0,2,6.1010158658027654e-05,blocks.3|lr=3.00e-08|scale=1.00e-03|act=silu,blocks.3,False,8
2e-05,rejected,0.0,blocks.3,9,True,ntk_hybrid_double_anti_saturation,27,/home/rato/dev/ai/SAINT-G/runs/phase16_marco4n_b_ntk_hybrid_topk8_probe2k_24graft_seed7,7,2,"['blocks.3(0,6.10102e-05)', 'blocks.3(0,6.10102e-05)', 'blocks.3(0,6.10102e-05)']",0,0.0,2,6.1010158658027654e-05,blocks.3|lr=3.00e-08|scale=1.00e-03|act=silu,blocks.3,False,8
5e-05,rejected,0.0,blocks.3,9,True,ntk_hybrid_double_anti_saturation,27,/home/rato/dev/ai/SAINT-G/runs/phase16_marco4n_b_ntk_hybrid_topk8_probe2k_24graft_seed7,7,2,"['blocks.3(0,6.10102e-05)', 'blocks.3(0,6.10102e-05)', 'blocks.3(0,6.10102e-05)']",0,0.0,2,6.1010158658027654e-05,blocks.3|lr=3.00e-08|scale=1.00e-03|act=silu,blocks.3,False,8
0.0,rejected,0.0,blocks.3,9,True,ntk_hybrid_gain_gated_bonus,27,/home/rato/dev/ai/SAINT-G/runs/phase16_marco4n_b_ntk_hybrid_topk8_probe2k_24graft_seed7,7,2,"['blocks.3(0,0)', 'blocks.2(0,0)', 'blocks.3(0,0)']",0,0.0,2,0.0,blocks.3|lr=3.00e-08|scale=1.00e-03|act=silu,blocks.3,False,8
2e-05,rejected,0.0,blocks.3,9,True,ntk_hybrid_gain_gated_bonus,27,/home/rato/dev/ai/SAINT-G/runs/phase16_marco4n_b_ntk_hybrid_topk8_probe2k_24graft_seed7,7,2,"['blocks.3(0,0)', 'blocks.2(0,0)', 'blocks.3(0,0)']",0,0.0,2,0.0,blocks.3|lr=3.00e-08|scale=1.00e-03|act=silu,blocks.3,False,8
5e-05,rejected,0.0,blocks.3,9,True,ntk_hybrid_gain_gated_bonus,27,/home/rato/dev/ai/SAINT-G/runs/phase16_marco4n_b_ntk_hybrid_topk8_probe2k_24graft_seed7,7,2,"['blocks.3(0,0)', 'blocks.2(0,0)', 'blocks.3(0,0)']",0,0.0,2,0.0,blocks.3|lr=3.00e-08|scale=1.00e-03|act=silu,blocks.3,False,8
0.0,approved,0.001653909683227539,blocks.3,8,True,composed_gain,27,/home/rato/dev/ai/SAINT-G/runs/phase16_marco4n_b_ntk_hybrid_topk8_probe2k_24graft_seed123,123,1,"['blocks.3(0.00165391,0.00165391)', 'blocks.3(0.00165081,0.00165081)', 'blocks.4(0.00158668,0.00158668)']",0,0.001653909683227539,2,0.001653909683227539,blocks.3|lr=3.00e-07|scale=1.00e-02|act=silu,blocks.3,True,0
2e-05,approved,0.001653909683227539,blocks.3,8,True,composed_gain,27,/home/rato/dev/ai/SAINT-G/runs/phase16_marco4n_b_ntk_hybrid_topk8_probe2k_24graft_seed123,123,1,"['blocks.3(0.00165391,0.00165391)', 'blocks.3(0.00165081,0.00165081)', 'blocks.4(0.00158668,0.00158668)']",0,0.001653909683227539,2,0.001653909683227539,blocks.3|lr=3.00e-07|scale=1.00e-02|act=silu,blocks.3,True,0
5e-05,approved,0.001653909683227539,blocks.3,8,True,composed_gain,27,/home/rato/dev/ai/SAINT-G/runs/phase16_marco4n_b_ntk_hybrid_topk8_probe2k_24graft_seed123,123,1,"['blocks.3(0.00165391,0.00165391)', 'blocks.3(0.00165081,0.00165081)', 'blocks.4(0.00158668,0.00158668)']",0,0.001653909683227539,2,0.001653909683227539,blocks.3|lr=3.00e-07|scale=1.00e-02|act=silu,blocks.3,True,0
0.0,approved,0.001653909683227539,blocks.3,8,True,composed_gain_orthogonal,27,/home/rato/dev/ai/SAINT-G/runs/phase16_marco4n_b_ntk_hybrid_topk8_probe2k_24graft_seed123,123,1,"['blocks.3(0.00165391,0.00165391)', 'blocks.3(0.00165081,0.00165081)', 'blocks.4(0.00158668,0.00158668)']",0,0.001653909683227539,2,0.001653909683227539,blocks.3|lr=3.00e-07|scale=1.00e-02|act=silu,blocks.3,True,0
2e-05,approved,0.001653909683227539,blocks.3,8,True,composed_gain_orthogonal,27,/home/rato/dev/ai/SAINT-G/runs/phase16_marco4n_b_ntk_hybrid_topk8_probe2k_24graft_seed123,123,1,"['blocks.3(0.00165391,0.00165391)', 'blocks.3(0.00165081,0.00165081)', 'blocks.4(0.00158668,0.00158668)']",0,0.001653909683227539,2,0.001653909683227539,blocks.3|lr=3.00e-07|scale=1.00e-02|act=silu,blocks.3,True,0
5e-05,approved,0.001653909683227539,blocks.3,8,True,composed_gain_orthogonal,27,/home/rato/dev/ai/SAINT-G/runs/phase16_marco4n_b_ntk_hybrid_topk8_probe2k_24graft_seed123,123,1,"['blocks.3(0.00165391,0.00165391)', 'blocks.3(0.00165081,0.00165081)', 'blocks.4(0.00158668,0.00158668)']",0,0.001653909683227539,2,0.001653909683227539,blocks.3|lr=3.00e-07|scale=1.00e-02|act=silu,blocks.3,True,0
0.0,approved,0.001653909683227539,blocks.3,8,True,ntk_hybrid_current,27,/home/rato/dev/ai/SAINT-G/runs/phase16_marco4n_b_ntk_hybrid_topk8_probe2k_24graft_seed123,123,1,"['blocks.3(0.00165391,0.00171548)', 'blocks.3(0.00165081,0.00171238)', 'blocks.4(0.00158668,0.00166958)']",0,0.001653909683227539,2,0.00171547771692276,blocks.3|lr=3.00e-07|scale=1.00e-02|act=silu,blocks.3,True,0
2e-05,approved,0.001653909683227539,blocks.3,8,True,ntk_hybrid_current,27,/home/rato/dev/ai/SAINT-G/runs/phase16_marco4n_b_ntk_hybrid_topk8_probe2k_24graft_seed123,123,1,"['blocks.3(0.00165391,0.00171548)', 'blocks.3(0.00165081,0.00171238)', 'blocks.4(0.00158668,0.00166958)']",0,0.001653909683227539,2,0.00171547771692276,blocks.3|lr=3.00e-07|scale=1.00e-02|act=silu,blocks.3,True,0
5e-05,approved,0.001653909683227539,blocks.3,8,True,ntk_hybrid_current,27,/home/rato/dev/ai/SAINT-G/runs/phase16_marco4n_b_ntk_hybrid_topk8_probe2k_24graft_seed123,123,1,"['blocks.3(0.00165391,0.00171548)', 'blocks.3(0.00165081,0.00171238)', 'blocks.4(0.00158668,0.00166958)']",0,0.001653909683227539,2,0.00171547771692276,blocks.3|lr=3.00e-07|scale=1.00e-02|act=silu,blocks.3,True,0
0.0,approved,0.001653909683227539,blocks.3,8,True,ntk_hybrid_no_bonus,27,/home/rato/dev/ai/SAINT-G/runs/phase16_marco4n_b_ntk_hybrid_topk8_probe2k_24graft_seed123,123,1,"['blocks.3(0.00165391,0.00165391)', 'blocks.3(0.00165081,0.00165081)', 'blocks.4(0.00158668,0.00158668)']",0,0.001653909683227539,2,0.001653909683227539,blocks.3|lr=3.00e-07|scale=1.00e-02|act=silu,blocks.3,True,0
2e-05,approved,0.001653909683227539,blocks.3,8,True,ntk_hybrid_no_bonus,27,/home/rato/dev/ai/SAINT-G/runs/phase16_marco4n_b_ntk_hybrid_topk8_probe2k_24graft_seed123,123,1,"['blocks.3(0.00165391,0.00165391)', 'blocks.3(0.00165081,0.00165081)', 'blocks.4(0.00158668,0.00158668)']",0,0.001653909683227539,2,0.001653909683227539,blocks.3|lr=3.00e-07|scale=1.00e-02|act=silu,blocks.3,True,0
5e-05,approved,0.001653909683227539,blocks.3,8,True,ntk_hybrid_no_bonus,27,/home/rato/dev/ai/SAINT-G/runs/phase16_marco4n_b_ntk_hybrid_topk8_probe2k_24graft_seed123,123,1,"['blocks.3(0.00165391,0.00165391)', 'blocks.3(0.00165081,0.00165081)', 'blocks.4(0.00158668,0.00158668)']",0,0.001653909683227539,2,0.001653909683227539,blocks.3|lr=3.00e-07|scale=1.00e-02|act=silu,blocks.3,True,0
0.0,approved,0.001653909683227539,blocks.3,8,True,ntk_hybrid_half_bonus,27,/home/rato/dev/ai/SAINT-G/runs/phase16_marco4n_b_ntk_hybrid_topk8_probe2k_24graft_seed123,123,1,"['blocks.3(0.00165391,0.00168469)', 'blocks.3(0.00165081,0.00168159)', 'blocks.4(0.00158668,0.00162813)']",0,0.001653909683227539,2,0.0016846937000751495,blocks.3|lr=3.00e-07|scale=1.00e-02|act=silu,blocks.3,True,0
2e-05,approved,0.001653909683227539,blocks.3,8,True,ntk_hybrid_half_bonus,27,/home/rato/dev/ai/SAINT-G/runs/phase16_marco4n_b_ntk_hybrid_topk8_probe2k_24graft_seed123,123,1,"['blocks.3(0.00165391,0.00168469)', 'blocks.3(0.00165081,0.00168159)', 'blocks.4(0.00158668,0.00162813)']",0,0.001653909683227539,2,0.0016846937000751495,blocks.3|lr=3.00e-07|scale=1.00e-02|act=silu,blocks.3,True,0
5e-05,approved,0.001653909683227539,blocks.3,8,True,ntk_hybrid_half_bonus,27,/home/rato/dev/ai/SAINT-G/runs/phase16_marco4n_b_ntk_hybrid_topk8_probe2k_24graft_seed123,123,1,"['blocks.3(0.00165391,0.00168469)', 'blocks.3(0.00165081,0.00168159)', 'blocks.4(0.00158668,0.00162813)']",0,0.001653909683227539,2,0.0016846937000751495,blocks.3|lr=3.00e-07|scale=1.00e-02|act=silu,blocks.3,True,0
0.0,approved,0.001653909683227539,blocks.3,8,True,ntk_hybrid_double_anti_saturation,27,/home/rato/dev/ai/SAINT-G/runs/phase16_marco4n_b_ntk_hybrid_topk8_probe2k_24graft_seed123,123,1,"['blocks.3(0.00165391,0.00171548)', 'blocks.3(0.00165081,0.00171238)', 'blocks.4(0.00158668,0.00166958)']",0,0.001653909683227539,2,0.00171547771692276,blocks.3|lr=3.00e-07|scale=1.00e-02|act=silu,blocks.3,True,0
2e-05,approved,0.001653909683227539,blocks.3,8,True,ntk_hybrid_double_anti_saturation,27,/home/rato/dev/ai/SAINT-G/runs/phase16_marco4n_b_ntk_hybrid_topk8_probe2k_24graft_seed123,123,1,"['blocks.3(0.00165391,0.00171548)', 'blocks.3(0.00165081,0.00171238)', 'blocks.4(0.00158668,0.00166958)']",0,0.001653909683227539,2,0.00171547771692276,blocks.3|lr=3.00e-07|scale=1.00e-02|act=silu,blocks.3,True,0
5e-05,approved,0.001653909683227539,blocks.3,8,True,ntk_hybrid_double_anti_saturation,27,/home/rato/dev/ai/SAINT-G/runs/phase16_marco4n_b_ntk_hybrid_topk8_probe2k_24graft_seed123,123,1,"['blocks.3(0.00165391,0.00171548)', 'blocks.3(0.00165081,0.00171238)', 'blocks.4(0.00158668,0.00166958)']",0,0.001653909683227539,2,0.00171547771692276,blocks.3|lr=3.00e-07|scale=1.00e-02|act=silu,blocks.3,True,0
0.0,approved,0.001653909683227539,blocks.3,8,True,ntk_hybrid_gain_gated_bonus,27,/home/rato/dev/ai/SAINT-G/runs/phase16_marco4n_b_ntk_hybrid_topk8_probe2k_24graft_seed123,123,1,"['blocks.3(0.00165391,0.00171548)', 'blocks.3(0.00165081,0.00171238)', 'blocks.4(0.00158668,0.00166958)']",0,0.001653909683227539,2,0.00171547771692276,blocks.3|lr=3.00e-07|scale=1.00e-02|act=silu,blocks.3,True,0
2e-05,approved,0.001653909683227539,blocks.3,8,True,ntk_hybrid_gain_gated_bonus,27,/home/rato/dev/ai/SAINT-G/runs/phase16_marco4n_b_ntk_hybrid_topk8_probe2k_24graft_seed123,123,1,"['blocks.3(0.00165391,0.00171548)', 'blocks.3(0.00165081,0.00171238)', 'blocks.4(0.00158668,0.00166958)']",0,0.001653909683227539,2,0.00171547771692276,blocks.3|lr=3.00e-07|scale=1.00e-02|act=silu,blocks.3,True,0
5e-05,approved,0.001653909683227539,blocks.3,8,True,ntk_hybrid_gain_gated_bonus,27,/home/rato/dev/ai/SAINT-G/runs/phase16_marco4n_b_ntk_hybrid_topk8_probe2k_24graft_seed123,123,1,"['blocks.3(0.00165391,0.00171548)', 'blocks.3(0.00165081,0.00171238)', 'blocks.4(0.00158668,0.00166958)']",0,0.001653909683227539,2,0.00171547771692276,blocks.3|lr=3.00e-07|scale=1.00e-02|act=silu,blocks.3,True,0
0.0,rejected,0.0,blocks.4,10,True,composed_gain,27,/home/rato/dev/ai/SAINT-G/runs/phase16_marco4n_b_ntk_hybrid_topk8_probe2k_24graft_seed123,123,2,"['blocks.4(0,0)', 'blocks.4(0,0)', 'blocks.4(0,0)']",0,0.0,1,0.0,blocks.4|lr=3.00e-08|scale=1.00e-02|act=silu,blocks.4,False,9
2e-05,rejected,0.0,blocks.4,10,True,composed_gain,27,/home/rato/dev/ai/SAINT-G/runs/phase16_marco4n_b_ntk_hybrid_topk8_probe2k_24graft_seed123,123,2,"['blocks.4(0,0)', 'blocks.4(0,0)', 'blocks.4(0,0)']",0,0.0,1,0.0,blocks.4|lr=3.00e-08|scale=1.00e-02|act=silu,blocks.4,False,9
5e-05,rejected,0.0,blocks.4,10,True,composed_gain,27,/home/rato/dev/ai/SAINT-G/runs/phase16_marco4n_b_ntk_hybrid_topk8_probe2k_24graft_seed123,123,2,"['blocks.4(0,0)', 'blocks.4(0,0)', 'blocks.4(0,0)']",0,0.0,1,0.0,blocks.4|lr=3.00e-08|scale=1.00e-02|act=silu,blocks.4,False,9
0.0,rejected,0.0,blocks.4,10,True,composed_gain_orthogonal,27,/home/rato/dev/ai/SAINT-G/runs/phase16_marco4n_b_ntk_hybrid_topk8_probe2k_24graft_seed123,123,2,"['blocks.4(0,0)', 'blocks.4(0,0)', 'blocks.4(0,0)']",0,0.0,1,0.0,blocks.4|lr=3.00e-08|scale=1.00e-02|act=silu,blocks.4,False,9
2e-05,rejected,0.0,blocks.4,10,True,composed_gain_orthogonal,27,/home/rato/dev/ai/SAINT-G/runs/phase16_marco4n_b_ntk_hybrid_topk8_probe2k_24graft_seed123,123,2,"['blocks.4(0,0)', 'blocks.4(0,0)', 'blocks.4(0,0)']",0,0.0,1,0.0,blocks.4|lr=3.00e-08|scale=1.00e-02|act=silu,blocks.4,False,9
5e-05,rejected,0.0,blocks.4,10,True,composed_gain_orthogonal,27,/home/rato/dev/ai/SAINT-G/runs/phase16_marco4n_b_ntk_hybrid_topk8_probe2k_24graft_seed123,123,2,"['blocks.4(0,0)', 'blocks.4(0,0)', 'blocks.4(0,0)']",0,0.0,1,0.0,blocks.4|lr=3.00e-08|scale=1.00e-02|act=silu,blocks.4,False,9
0.0,rejected,0.0,blocks.4,10,True,ntk_hybrid_current,27,/home/rato/dev/ai/SAINT-G/runs/phase16_marco4n_b_ntk_hybrid_topk8_probe2k_24graft_seed123,123,2,"['blocks.4(0,8.4546e-05)', 'blocks.4(0,8.4546e-05)', 'blocks.4(0,8.4546e-05)']",0,0.0,1,8.45460331439972e-05,blocks.4|lr=3.00e-08|scale=1.00e-02|act=silu,blocks.4,False,9
2e-05,rejected,0.0,blocks.4,10,True,ntk_hybrid_current,27,/home/rato/dev/ai/SAINT-G/runs/phase16_marco4n_b_ntk_hybrid_topk8_probe2k_24graft_seed123,123,2,"['blocks.4(0,8.4546e-05)', 'blocks.4(0,8.4546e-05)', 'blocks.4(0,8.4546e-05)']",0,0.0,1,8.45460331439972e-05,blocks.4|lr=3.00e-08|scale=1.00e-02|act=silu,blocks.4,False,9
5e-05,rejected,0.0,blocks.4,10,True,ntk_hybrid_current,27,/home/rato/dev/ai/SAINT-G/runs/phase16_marco4n_b_ntk_hybrid_topk8_probe2k_24graft_seed123,123,2,"['blocks.4(0,8.4546e-05)', 'blocks.4(0,8.4546e-05)', 'blocks.4(0,8.4546e-05)']",0,0.0,1,8.45460331439972e-05,blocks.4|lr=3.00e-08|scale=1.00e-02|act=silu,blocks.4,False,9
0.0,rejected,0.0,blocks.4,10,True,ntk_hybrid_no_bonus,27,/home/rato/dev/ai/SAINT-G/runs/phase16_marco4n_b_ntk_hybrid_topk8_probe2k_24graft_seed123,123,2,"['blocks.4(0,0)', 'blocks.4(0,0)', 'blocks.4(0,0)']",0,0.0,1,0.0,blocks.4|lr=3.00e-08|scale=1.00e-02|act=silu,blocks.4,False,9
2e-05,rejected,0.0,blocks.4,10,True,ntk_hybrid_no_bonus,27,/home/rato/dev/ai/SAINT-G/runs/phase16_marco4n_b_ntk_hybrid_topk8_probe2k_24graft_seed123,123,2,"['blocks.4(0,0)', 'blocks.4(0,0)', 'blocks.4(0,0)']",0,0.0,1,0.0,blocks.4|lr=3.00e-08|scale=1.00e-02|act=silu,blocks.4,False,9
5e-05,rejected,0.0,blocks.4,10,True,ntk_hybrid_no_bonus,27,/home/rato/dev/ai/SAINT-G/runs/phase16_marco4n_b_ntk_hybrid_topk8_probe2k_24graft_seed123,123,2,"['blocks.4(0,0)', 'blocks.4(0,0)', 'blocks.4(0,0)']",0,0.0,1,0.0,blocks.4|lr=3.00e-08|scale=1.00e-02|act=silu,blocks.4,False,9
0.0,rejected,0.0,blocks.4,10,True,ntk_hybrid_half_bonus,27,/home/rato/dev/ai/SAINT-G/runs/phase16_marco4n_b_ntk_hybrid_topk8_probe2k_24graft_seed123,123,2,"['blocks.4(0,4.2273e-05)', 'blocks.4(0,4.2273e-05)', 'blocks.4(0,4.2273e-05)']",0,0.0,1,4.22730165719986e-05,blocks.4|lr=3.00e-08|scale=1.00e-02|act=silu,blocks.4,False,9
2e-05,rejected,0.0,blocks.4,10,True,ntk_hybrid_half_bonus,27,/home/rato/dev/ai/SAINT-G/runs/phase16_marco4n_b_ntk_hybrid_topk8_probe2k_24graft_seed123,123,2,"['blocks.4(0,4.2273e-05)', 'blocks.4(0,4.2273e-05)', 'blocks.4(0,4.2273e-05)']",0,0.0,1,4.22730165719986e-05,blocks.4|lr=3.00e-08|scale=1.00e-02|act=silu,blocks.4,False,9
5e-05,rejected,0.0,blocks.4,10,True,ntk_hybrid_half_bonus,27,/home/rato/dev/ai/SAINT-G/runs/phase16_marco4n_b_ntk_hybrid_topk8_probe2k_24graft_seed123,123,2,"['blocks.4(0,4.2273e-05)', 'blocks.4(0,4.2273e-05)', 'blocks.4(0,4.2273e-05)']",0,0.0,1,4.22730165719986e-05,blocks.4|lr=3.00e-08|scale=1.00e-02|act=silu,blocks.4,False,9
0.0,rejected,0.0,blocks.4,10,True,ntk_hybrid_double_anti_saturation,27,/home/rato/dev/ai/SAINT-G/runs/phase16_marco4n_b_ntk_hybrid_topk8_probe2k_24graft_seed123,123,2,"['blocks.4(0,8.4546e-05)', 'blocks.4(0,8.4546e-05)', 'blocks.4(0,8.4546e-05)']",0,0.0,1,8.45460331439972e-05,blocks.4|lr=3.00e-08|scale=1.00e-02|act=silu,blocks.4,False,9
2e-05,rejected,0.0,blocks.4,10,True,ntk_hybrid_double_anti_saturation,27,/home/rato/dev/ai/SAINT-G/runs/phase16_marco4n_b_ntk_hybrid_topk8_probe2k_24graft_seed123,123,2,"['blocks.4(0,8.4546e-05)', 'blocks.4(0,8.4546e-05)', 'blocks.4(0,8.4546e-05)']",0,0.0,1,8.45460331439972e-05,blocks.4|lr=3.00e-08|scale=1.00e-02|act=silu,blocks.4,False,9
5e-05,rejected,0.0,blocks.4,10,True,ntk_hybrid_double_anti_saturation,27,/home/rato/dev/ai/SAINT-G/runs/phase16_marco4n_b_ntk_hybrid_topk8_probe2k_24graft_seed123,123,2,"['blocks.4(0,8.4546e-05)', 'blocks.4(0,8.4546e-05)', 'blocks.4(0,8.4546e-05)']",0,0.0,1,8.45460331439972e-05,blocks.4|lr=3.00e-08|scale=1.00e-02|act=silu,blocks.4,False,9
0.0,rejected,0.0,blocks.4,10,True,ntk_hybrid_gain_gated_bonus,27,/home/rato/dev/ai/SAINT-G/runs/phase16_marco4n_b_ntk_hybrid_topk8_probe2k_24graft_seed123,123,2,"['blocks.4(0,0)', 'blocks.4(0,0)', 'blocks.4(0,0)']",0,0.0,1,0.0,blocks.4|lr=3.00e-08|scale=1.00e-02|act=silu,blocks.4,False,9
2e-05,rejected,0.0,blocks.4,10,True,ntk_hybrid_gain_gated_bonus,27,/home/rato/dev/ai/SAINT-G/runs/phase16_marco4n_b_ntk_hybrid_topk8_probe2k_24graft_seed123,123,2,"['blocks.4(0,0)', 'blocks.4(0,0)', 'blocks.4(0,0)']",0,0.0,1,0.0,blocks.4|lr=3.00e-08|scale=1.00e-02|act=silu,blocks.4,False,9
5e-05,rejected,0.0,blocks.4,10,True,ntk_hybrid_gain_gated_bonus,27,/home/rato/dev/ai/SAINT-G/runs/phase16_marco4n_b_ntk_hybrid_topk8_probe2k_24graft_seed123,123,2,"['blocks.4(0,0)', 'blocks.4(0,0)', 'blocks.4(0,0)']",0,0.0,1,0.0,blocks.4|lr=3.00e-08|scale=1.00e-02|act=silu,blocks.4,False,9
